name,CMC,Type,Color,Set,Collector Number,Rarity,Color Category,status,Finish,maybeboard,image URL,image Back URL,tags,Notes,MTGO ID,Custom
"Dauntless Bodyguard",1,"Creature - Human Knight",W,"dom","14",uncommon,null,Owned,Non-foil,false,,,"","",67493,false
"Esper Sentinel",1,"Artifact Creature - Human Soldier",W,"mh2","12",rare,null,Proxied,Non-foil,false,,,"","",90393,false
"Giver of Runes",1,"Creature - Kor Cleric",W,"mh1","13",rare,null,Proxied,Non-foil,false,,,"","",72398,false
"Isamaru, Hound of Konda",1,"Legendary Creature - Dog",W,"plst","CHK-19",rare,null,Proxied,Non-foil,false,,,"","",-1,false
"Kytheon, Hero of Akros",1,"Legendary Creature - Human Soldier",W,"ori","23",mythic,null,Owned,Non-foil,false,,,"","",57876,false
"Mother of Runes",1,"Creature - Human Cleric",W,"ulg","14",uncommon,null,Owned,Non-foil,false,,,"","",12553,false
"Student of Warfare",1,"Creature - Human Knight",W,"plst","ROE-47",rare,null,Owned,Non-foil,false,,,"","",-1,false
"Thraben Inspector",1,"Creature - Human Soldier",W,"2xm","35",common,null,Owned,Non-foil,false,,,"","",82104,false
"Usher of the Fallen",1,"Creature - Spirit Warrior",W,"khm","35",uncommon,null,Owned,Non-foil,false,,,"","",87393,false
"Cathar Commando",2,"Creature - Human Soldier",W,"mid","10",common,null,Owned,Non-foil,false,,,"","",92942,false
"Intrepid Adversary",2,"Creature - Human Scout",W,"dbl","25",mythic,null,Owned,Non-foil,false,,,"","",96258,false
"Kor Skyfisher",2,"Creature - Kor Soldier",W,"ddo","16",common,null,Owned,Non-foil,false,,,"","",-1,false
"Lion Sash",2,"Artifact Creature - Equipment Cat",W,"neo","368",rare,null,Proxied,Non-foil,false,,,"","",-1,false
"Luminarch Aspirant",2,"Creature - Human Cleric",W,"ncc","205",rare,null,Owned,Non-foil,false,,,"","",-1,false
"Mina Harker",2,"Legendary Creature - Human Soldier",W,"vow","331",rare,null,Proxied,Non-foil,false,,,"","",-1,false
"Selfless Spirit",2,"Creature - Spirit Cleric",W,"plst","EMN-40",rare,null,Owned,Non-foil,false,,,"","",-1,false
"Stoneforge Mystic",2,"Creature - Kor Artificer",W,"wwk","20",rare,null,Owned,Non-foil,false,,,"","",35737,false
"Wall of Omens",2,"Creature - Wall",W,"ddk","4",uncommon,null,Owned,Non-foil,false,,,"","",48067,false
"Adeline, Resplendent Cathar",3,"Legendary Creature - Human Knight",W,"mid","1",rare,null,Owned,Non-foil,false,,,"","",92916,false
"Blade Splicer",3,"Creature - Phyrexian Human Artificer",W,"2xm","9",rare,null,Owned,Non-foil,false,,,"","",82052,false
"Brimaz, King of Oreskos",3,"Legendary Creature - Cat Soldier",W,"sld","497",mythic,null,Owned,Non-foil,false,,,"","",-1,false
"Flickerwisp",3,"Creature - Elemental",W,"eve","6",uncommon,null,Owned,Non-foil,false,,,"","",29970,false
"Monastery Mentor",3,"Creature - Human Monk",W,"plst","FRF-20",mythic,null,Owned,Non-foil,false,,,"","",-1,false
"Porcelain Legionnaire",3,"Artifact Creature - Phyrexian Soldier",W,"nph","19",common,null,Owned,Non-foil,false,,,"","",39834,false
"Recruiter of the Guard",3,"Creature - Human Soldier",W,"cn2","22",rare,null,Owned,Non-foil,false,,,"","",-1,false
"Skyclave Apparition",3,"Creature - Kor Spirit",W,"znr","39",rare,null,Owned,Non-foil,false,,,"","",83023,false
"Thalia, Heretic Cathar",3,"Legendary Creature - Human Soldier",W,"emn","46",rare,null,Owned,Non-foil,false,,,"","",61308,false
"Hero of Bladehold",4,"Creature - Human Knight",W,"pmbs","8★",mythic,null,Owned,Non-foil,false,,,"","",-1,false
"Palace Jailer",4,"Creature - Human Soldier",W,"cn2","18",uncommon,null,Owned,Non-foil,false,,,"","",-1,false
"Seasoned Dungeoneer",4,"Creature - Human Warrior",W,"clb","660",rare,null,Owned,Non-foil,false,,,"","",101416,false
"Angel of Invention",5,"Creature - Angel",W,"kld","4",mythic,null,Owned,Non-foil,false,,,"","",61887,false
"Archangel Avacyn",5,"Legendary Creature - Angel",W,"v17","1",mythic,null,Owned,Non-foil,false,,,"","",66393,false
"Baneslayer Angel",5,"Creature - Angel",W,"m21","6",mythic,null,Owned,Non-foil,false,,,"","",81239,false
"Karmic Guide",5,"Creature - Angel Spirit",W,"sld","281",rare,null,Owned,Non-foil,false,,,"","",-1,false
"Reveillark",5,"Creature - Elemental",W,"mma","26",rare,null,Owned,Non-foil,false,,,"","",48750,false
"Sun Titan",6,"Creature - Giant",W,"pm11","35★",mythic,null,Owned,Non-foil,false,,,"","",-1,false
"Elesh Norn, Grand Cenobite",7,"Legendary Creature - Phyrexian Praetor",W,"mm2","16",mythic,null,Owned,Non-foil,false,,,"","",57312,false
"Iona, Shield of Emeria",9,"Legendary Creature - Angel",W,"zen","13",mythic,null,Owned,Non-foil,false,,,"","",34614,false
"Elspeth, Knight-Errant",4,"Legendary Planeswalker - Elspeth",W,"ddf","1",mythic,null,Owned,Non-foil,false,,,"","",37698,false
"Gideon, Ally of Zendikar",4,"Legendary Planeswalker - Gideon",W,"bfz","29",mythic,null,Owned,Non-foil,false,,,"","",58317,false
"The Wandering Emperor",4,"Legendary Planeswalker",W,"neo","316",mythic,null,Proxied,Non-foil,false,,,"","",-1,false
"Gideon Jura",5,"Legendary Planeswalker - Gideon",W,"m12","16",mythic,null,Owned,Non-foil,false,,,"","",41273,false
"Elspeth, Sun's Champion",6,"Legendary Planeswalker - Elspeth",W,"ddo","1",mythic,null,Owned,Non-foil,false,,,"","",-1,false
"Solitude",0,"Instant",W,"mh2","32",mythic,null,Owned,Non-foil,false,,,"","",90433,false
"Enlightened Tutor",1,"Instant",W,"ema","9",rare,null,Owned,Non-foil,false,,,"","",60889,false
"Mana Tithe",1,"Instant",W,"plc","25",common,null,Owned,Non-foil,false,,,"","",26511,false
"Path to Exile",1,"Instant",W,"dci","24",rare,null,Owned,Non-foil,false,,,"","",-1,false
"Swords to Plowshares",1,"Instant",W,"3ed","41",uncommon,null,Owned,Non-foil,false,,,"","",-1,false
"Disenchant",2,"Instant",W,"5ed","26",common,null,Owned,Non-foil,false,,,"","",-1,false
"Fateful Absence",2,"Instant",W,"dbl","18",rare,null,Owned,Non-foil,false,,,"","",96244,false
"Teferi's Protection",3,"Instant",W,"2x2","32",rare,null,Owned,Non-foil,false,,,"","",101548,false
"Balance",2,"Sorcery",W,"leb","3",rare,null,Owned,Non-foil,false,,,"","",-1,false
"Armageddon",4,"Sorcery",W,"leb","2",rare,null,Owned,Non-foil,false,,,"","",-1,false
"Day of Judgment",4,"Sorcery",W,"m11","12",rare,null,Owned,Non-foil,false,,,"","",37288,false
"Ravages of War",4,"Sorcery",W,"ptk","17",rare,null,Owned,Non-foil,false,,,"","",-1,false
"Wrath of God",4,"Sorcery",W,"wc04","gn58",rare,null,Owned,Non-foil,false,,,"","",-1,false
"Spectral Procession",6,"Sorcery",W,"shm","23",uncommon,null,Owned,Non-foil,false,,,"","",29605,false
"Mox Pearl",0,"Artifact",W,"vma","7",bonus,null,Proxied,Non-foil,false,,,"","",52597,false
"Portable Hole",1,"Artifact",W,"afr","33",uncommon,null,Proxied,Non-foil,false,,,"","",91568,false
"Land Tax",1,"Enchantment",W,"g10","5",rare,null,Owned,Non-foil,false,,,"","",-1,false
"Swift Reconfiguration",1,"Enchantment - Aura",W,"nec","10",rare,null,Owned,Non-foil,false,,,"","",-1,false
"Banishing Light",3,"Enchantment",W,"khc","19",uncommon,null,Owned,Non-foil,false,,,"","",87943,false
"Oblivion Ring",3,"Enchantment",W,"lrw","34",common,null,Owned,Non-foil,false,,,"","",28229,false
"Cave of the Frost Dragon",0,"Land",W,"afr","253",rare,White,Owned,Non-foil,false,,,"","",92008,false
"Karakas",0,"Legendary Land",W,"uma","244",mythic,White,Proxied,Non-foil,false,,,"","",70065,false
"Jace, Vryn's Prodigy",2,"Legendary Creature - Human Wizard",U,"ori","60",mythic,null,Owned,Non-foil,false,,,"","",57880,false
"Phantasmal Image",2,"Creature - Illusion",U,"m12","72",rare,null,Owned,Non-foil,false,,,"","",41369,false
"Snapcaster Mage",2,"Creature - Human Wizard",U,"plst","ISD-78",rare,null,Owned,Non-foil,false,,,"","",-1,false
"Thieving Skydiver",2,"Creature - Merfolk Rogue",U,"znr","85",rare,null,Owned,Non-foil,false,,,"","",83127,false
"Deceiver Exarch",3,"Creature - Phyrexian Cleric",U,"nph","33",uncommon,null,Owned,Non-foil,false,,,"","",39726,false
"Man-o'-War",3,"Creature - Jellyfish",U,"ddo","38",common,null,Owned,Non-foil,false,,,"","",-1,false
"Spellseeker",3,"Creature - Human Wizard",U,"bbd","41",rare,null,Owned,Non-foil,false,,,"","",68810,false
"Trinket Mage",3,"Creature - Human Wizard",U,"tsr","320",special,null,Owned,Non-foil,false,,,"","",87017,false
"True-Name Nemesis",3,"Creature - Merfolk Rogue",U,"bbd","136",mythic,null,Owned,Non-foil,false,,,"","",-1,false
"Vendilion Clique",3,"Legendary Creature - Faerie Wizard",U,"mm2","67",mythic,null,Owned,Non-foil,false,,,"","",57380,false
"Glen Elendra Archmage",4,"Creature - Faerie Wizard",U,"eve","22",rare,null,Owned,Non-foil,false,,,"","",30226,false
"Phyrexian Metamorph",4,"Artifact Creature - Phyrexian Shapeshifter",U,"nph","42",rare,null,Owned,Non-foil,false,,,"","",39734,false
"Sower of Temptation",4,"Creature - Faerie Wizard",U,"bbd","131",rare,null,Owned,Non-foil,false,,,"","",-1,false
"Urza, Lord High Artificer",4,"Legendary Creature - Human Artificer",U,"h1r","11",mythic,null,Owned,Non-foil,false,,,"","",-1,false
"Venser, Shaper Savant",4,"Legendary Creature - Human Wizard",U,"fut","46",rare,null,Owned,Non-foil,false,,,"","",26594,false
"Mulldrifter",5,"Creature - Elemental",U,"afc","87",uncommon,null,Owned,Non-foil,false,,,"","",-1,false
"Riftwing Cloudskate",5,"Creature - Illusion",U,"tsr","82",uncommon,null,Owned,Non-foil,false,,,"","",86527,false
"Consecrated Sphinx",6,"Creature - Sphinx",U,"ima","47",mythic,null,Owned,Non-foil,false,,,"","",65973,false
"Torrential Gearhulk",6,"Artifact Creature - Construct",U,"kld","67",mythic,null,Owned,Non-foil,false,,,"","",61917,false
"Inkwell Leviathan",9,"Artifact Creature - Leviathan",U,"c18","91",rare,null,Owned,Non-foil,false,,,"","",-1,false
"Jace Beleren",3,"Legendary Planeswalker - Jace",U,"pmei","2009-1",mythic,null,Owned,Non-foil,false,,,"","",-1,false
"Narset, Parter of Veils",3,"Legendary Planeswalker - Narset",U,"sld","1141",rare,null,Owned,Non-foil,false,,,"","",-1,false
"Jace, the Mind Sculptor",4,"Legendary Planeswalker - Jace",U,"wwk","31",mythic,null,Owned,Non-foil,false,,,"","",35591,false
"Tezzeret the Seeker",5,"Legendary Planeswalker - Tezzeret",U,"ala","60",mythic,null,Owned,Non-foil,false,,,"","",30979,false
"Daze",0,"Instant",U,"jvc","23",common,null,Owned,Non-foil,false,,,"","",-1,false
"Force of Negation",0,"Instant",U,"2x2","50",rare,null,Owned,Non-foil,false,,,"","",101584,false
"Force of Will",0,"Instant",U,"dmr","418",mythic,null,Owned,Non-foil,false,,,"","",108065,false
"Ancestral Recall",1,"Instant",U,"2ed","48",rare,null,Owned,Non-foil,false,,,"","",-1,false
"Brainstorm",1,"Instant",U,"c21","115",common,null,Owned,Non-foil,false,,,"","",89331,false
"Condescend",1,"Instant",U,"dd2","28",common,null,Owned,Non-foil,false,,,"","",31621,false
"Consider",1,"Instant",U,"dbl","44",common,null,Owned,Non-foil,false,,,"","",96302,false
"Force Spike",1,"Instant",U,"7ed","76",common,null,Owned,Non-foil,false,,,"","",15530,false
"Mystical Tutor",1,"Instant",U,"6ed","83",uncommon,null,Owned,Non-foil,false,,,"","",-1,false
"Arcane Denial",2,"Instant",U,"voc","102",common,null,Owned,Non-foil,false,,,"","",94978,false
"Counterspell",2,"Instant",U,"3ed","54",uncommon,null,Owned,Non-foil,false,,,"","",-1,false
"Mana Drain",2,"Instant",U,"2x2","57",mythic,null,Owned,Non-foil,false,,,"","",101598,false
"Mana Leak",2,"Instant",U,"2x2","58",common,null,Owned,Non-foil,false,,,"","",101600,false
"Memory Lapse",2,"Instant",U,"7ed","88",common,null,Owned,Non-foil,false,,,"","",15684,false
"Miscalculation",2,"Instant",U,"ulg","36",common,null,Owned,Non-foil,false,,,"","",12607,false
"Remand",2,"Instant",U,"ddm","26",uncommon,null,Owned,Non-foil,false,,,"","",52505,false
"Thirst for Knowledge",3,"Instant",U,"mrd","53",uncommon,null,Owned,Non-foil,false,,,"","",19705,false
"Cryptic Command",4,"Instant",U,"mma","38",rare,null,Owned,Non-foil,false,,,"","",48702,false
"Fact or Fiction",4,"Instant",U,"sld","333",rare,null,Owned,Non-foil,false,,,"","",-1,false
"Dig Through Time",8,"Instant",U,"uma","50",rare,null,Owned,Non-foil,false,,,"","",70173,false
"Gitaxian Probe",1,"Sorcery",U,"nph","35",common,null,Owned,Non-foil,false,,,"","",39976,false
"Ponder",1,"Sorcery",U,"m10","68",common,null,Owned,Non-foil,false,,,"","",32923,false
"Preordain",1,"Sorcery",U,"cmr","84",common,null,Owned,Non-foil,false,,,"","",84950,false
"Chart a Course",2,"Sorcery",U,"jmp","142",uncommon,null,Owned,Non-foil,false,,,"","",-1,false
"Time Walk",2,"Sorcery",U,"30a","380",rare,null,Owned,Non-foil,false,,,"","",-1,false
"Show and Tell",3,"Sorcery",U,"usg","96",rare,null,Owned,Non-foil,false,,,"","",12139,false
"Timetwister",3,"Sorcery",U,"2ed","85",rare,null,Owned,Non-foil,false,,,"","",-1,false
"Tinker",3,"Sorcery",U,"v09","14",mythic,null,Owned,Non-foil,false,,,"","",33932,false
"Bribery",5,"Sorcery",U,"mmq","62",rare,null,Owned,Non-foil,false,,,"","",13563,false
"Time Spiral",6,"Sorcery",U,"usg","103",rare,null,Owned,Non-foil,false,,,"","",12385,false
"Upheaval",6,"Sorcery",U,"v14","13",mythic,null,Owned,Non-foil,false,,,"","",53927,false
"Treasure Cruise",8,"Sorcery",U,"uma","79",common,null,Owned,Non-foil,false,,,"","",70231,false
"Mox Sapphire",0,"Artifact",U,"leb","266",rare,null,Owned,Non-foil,false,,,"","",-1,false
"Vedalken Shackles",3,"Artifact",U,"5dn","164",rare,null,Owned,Non-foil,false,,,"","",20688,false
"Control Magic",4,"Enchantment - Aura",U,"30a","52",uncommon,null,Owned,Non-foil,false,,,"","",-1,false
"Opposition",4,"Enchantment",U,"7ed","92",rare,null,Owned,Non-foil,false,,,"","",15724,false
"Treachery",5,"Enchantment - Aura",U,"uds","50",rare,null,Owned,Non-foil,false,,,"","",13039,false
"Shark Typhoon",6,"Enchantment",U,"iko","67",rare,null,Owned,Non-foil,false,,,"","",80143,false
"Faerie Conclave",0,"Land",U,"10e","351",uncommon,Blue,Owned,Non-foil,false,,,"","",27116,false
"Shelldock Isle",0,"Land",U,"lrw","272",rare,Blue,Owned,Non-foil,false,,,"","",28707,false
"Tolarian Academy",0,"Legendary Land",U,"usg","330",rare,Blue,Owned,Non-foil,false,,,"","",11931,false
"Bloodsoaked Champion",1,"Creature - Human Warrior",B,"ncc","243",rare,null,Owned,Non-foil,false,,,"","",-1,false
"Cult Conscript",1,"Creature - Skeleton Warrior",B,"dmu","88",uncommon,null,Owned,Non-foil,false,,,"","",102652,false
"Dread Wanderer",1,"Creature - Zombie Jackal",B,"akh","88",rare,null,Owned,Non-foil,false,,,"","",63778,false
"Evolved Sleeper",1,"Creature - Human",B,"dmu","93",rare,null,Owned,Non-foil,false,,,"","",102662,false
"Gravecrawler",1,"Creature - Zombie",B,"ddq","59",rare,null,Owned,Non-foil,false,,,"","",-1,false
"Gutterbones",1,"Creature - Skeleton Warrior",B,"rna","76",rare,null,Owned,Non-foil,false,,,"","",71152,false
"Putrid Imp",1,"Creature - Zombie Imp",B,"tor","77",common,null,Owned,Non-foil,false,,,"","",17167,false
"Bloodghast",2,"Creature - Vampire Spirit",B,"plst","ZEN-83",rare,null,Owned,Non-foil,false,,,"","",-1,false
"Dark Confidant",2,"Creature - Human Wizard",B,"mm2","75",mythic,null,Owned,Non-foil,false,,,"","",57344,false
"Dauthi Voidwalker",2,"Creature - Dauthi Rogue",B,"mh2","397",rare,null,Owned,Non-foil,false,,,"","",91067,false
"Mesmeric Fiend",2,"Creature - Nightmare Horror",B,"ddk","7",common,null,Owned,Non-foil,false,,,"","",48087,false
"Pack Rat",2,"Creature - Rat",B,"rtr","73",rare,null,Owned,Non-foil,false,,,"","",46737,false
"Scrapheap Scrounger",2,"Artifact Creature - Construct",B,"kld","231",rare,null,Owned,Non-foil,false,,,"","",62087,false
"Skyclave Shade",2,"Creature - Shade",B,"znr","125",rare,null,Owned,Non-foil,false,,,"","",83219,false
"Vampire Hexmage",2,"Creature - Vampire Shaman",B,"c14","168",uncommon,null,Owned,Non-foil,false,,,"","",54789,false
"Flesh Carver",3,"Creature - Human Wizard",B,"c14","22",rare,null,Owned,Non-foil,false,,,"","",55207,false
"Murderous Rider",3,"Creature - Zombie Knight",B,"eld","97",rare,null,Owned,Non-foil,false,,,"","",78308,false
"Nighthawk Scavenger",3,"Creature - Vampire Rogue",B,"clb","763",rare,null,Owned,Non-foil,false,,,"","",-1,false
"Ophiomancer",3,"Creature - Human Shaman",B,"cc2","3",rare,null,Owned,Non-foil,false,,,"","",-1,false
"Sedgemoor Witch",3,"Creature - Human Warlock",B,"stx","86",rare,null,Owned,Non-foil,false,,,"","",88649,false
"Braids, Cabal Minion",4,"Legendary Creature - Human Minion",B,"mh2","273",rare,null,Owned,Non-foil,false,,,"","",90969,false
"Ravenous Chupacabra",4,"Creature - Beast Horror",B,"rix","82",uncommon,null,Owned,Non-foil,false,,,"","",66617,false
"Skinrender",4,"Creature - Phyrexian Zombie",B,"som","78",uncommon,null,Owned,Non-foil,false,,,"","",38453,false
"Doom Whisperer",5,"Creature - Nightmare Demon",B,"grn","69",mythic,null,Owned,Non-foil,false,,,"","",69511,false
"Shriekmaw",5,"Creature - Elemental",B,"c20","136",uncommon,null,Owned,Non-foil,false,,,"","",-1,false
"Grave Titan",6,"Creature - Giant",B,"m12","98",mythic,null,Owned,Non-foil,false,,,"","",41295,false
"Massacre Wurm",6,"Creature - Phyrexian Wurm",B,"m21","316",mythic,null,Owned,Non-foil,false,,,"","",-1,false
"Archon of Cruelty",8,"Creature - Archon",B,"mh2","75",mythic,null,Owned,Non-foil,false,,,"","",90523,false
"Griselbrand",8,"Legendary Creature - Demon",B,"phel","106",mythic,null,Owned,Non-foil,false,,,"","",-1,false
"Liliana of the Veil",3,"Legendary Planeswalker - Liliana",B,"mm3","76",mythic,null,Owned,Non-foil,false,,,"","",63283,false
"Liliana, the Last Hope",3,"Legendary Planeswalker - Liliana",B,"med","GR2",mythic,null,Owned,Non-foil,false,,,"","",69975,false
"Grief",0,"Instant",B,"mh2","87",mythic,null,Owned,Non-foil,false,,,"","",90547,false
"Snuff Out",0,"Instant",B,"mmq","162",common,null,Owned,Non-foil,false,,,"","",13495,false
"Booster Tutor",1,"Instant",B,"und","33",uncommon,null,Owned,Non-foil,false,,,"","",-1,false
"Dark Ritual",1,"Instant",B,"leb","99",common,null,Owned,Non-foil,false,,,"","",-1,false
"Entomb",1,"Instant",B,"pd3","14",rare,null,Owned,Non-foil,false,,,"","",43127,false
"Fatal Push",1,"Instant",B,"sld","112",rare,null,Owned,Non-foil,false,,,"","",82794,false
"Vampiric Tutor",1,"Instant",B,"vis","72",rare,null,Owned,Non-foil,false,,,"","",7777,false
"Cabal Ritual",2,"Instant",B,"tor","51",common,null,Owned,Non-foil,false,,,"","",17191,false
"Dismember",3,"Instant",B,"sld","321",rare,null,Owned,Non-foil,false,,,"","",-1,false
"Hero's Downfall",3,"Instant",B,"dmc","112",uncommon,null,Owned,Non-foil,false,,,"","",103110,false
"Baleful Mastery",4,"Instant",B,"stx","64",rare,null,Owned,Non-foil,false,,,"","",88605,false
"Bloodchief's Thirst",1,"Sorcery",B,"znr","94",uncommon,null,Owned,Non-foil,false,,,"","",83151,false
"Duress",1,"Sorcery",B,"xln","105",common,null,Owned,Non-foil,false,,,"","",65226,false
"Imperial Seal",1,"Sorcery",B,"2x2","354",mythic,null,Owned,Non-foil,false,,,"","",-1,false
"Inquisition of Kozilek",1,"Sorcery",B,"2x2","80",uncommon,null,Owned,Non-foil,false,,,"","",101644,false
"Mind Twist",1,"Sorcery",B,"leb","116",rare,null,Owned,Non-foil,false,,,"","",-1,false
"Reanimate",1,"Sorcery",B,"uma","110",rare,null,Owned,Non-foil,false,,,"","",70017,false
"Thoughtseize",1,"Sorcery",B,"sld","1117",rare,null,Owned,Non-foil,false,,,"","",-1,false
"Collective Brutality",2,"Sorcery",B,"emn","85",rare,null,Owned,Non-foil,false,,,"","",61144,false
"Demonic Tutor",2,"Sorcery",B,"30a","398",uncommon,null,Owned,Non-foil,false,,,"","",-1,false
"Exhume",2,"Sorcery",B,"brb","24",common,null,Owned,Non-foil,false,,,"","",-1,false
"Hymn to Tourach",2,"Sorcery",B,"ema","92",uncommon,null,Owned,Non-foil,false,,,"","",60783,false
"Toxic Deluge",3,"Sorcery",B,"c13","96",rare,null,Owned,Non-foil,false,,,"","",51366,false
"Damnation",4,"Sorcery",B,"plc","85",rare,null,Owned,Non-foil,false,,,"","",26279,false
"Languish",4,"Sorcery",B,"c16","114",rare,null,Owned,Non-foil,false,,,"","",-1,false
"Living Death",5,"Sorcery",B,"cmd","88",rare,null,Owned,Non-foil,false,,,"","",40480,false
"Mox Jet",0,"Artifact",B,"30a","556",rare,null,Owned,Non-foil,false,,,"","",-1,false
"Animate Dead",2,"Enchantment - Aura",B,"2ed","93",uncommon,null,Owned,Non-foil,false,,,"","",-1,false
"Bitterblossom",2,"Tribal Enchantment - Faerie",B,"mm2","71",mythic,null,Owned,Non-foil,false,,,"","",57054,false
"Dance of the Dead",2,"Enchantment - Aura",B,"ice","118",uncommon,null,Owned,Non-foil,false,,,"","",-1,false
"Necromancy",3,"Enchantment",B,"plst","VIS-64",uncommon,null,Owned,Non-foil,false,,,"","",-1,false
"Phyrexian Arena",3,"Enchantment",B,"hop","36",rare,null,Owned,Non-foil,false,,,"","",44642,false
"Recurring Nightmare",3,"Enchantment",B,"exo","72",rare,null,Owned,Non-foil,false,,,"","",10583,false
"Hive of the Eye Tyrant",0,"Land",B,"afr","258",rare,Black,Owned,Non-foil,false,,,"","",92018,false
"Bomat Courier",1,"Artifact Creature - Construct",R,"kld","199",rare,null,Owned,Foil,false,,,"","",62075,false
"Falkenrath Gorger",1,"Creature - Vampire Berserker",R,"soi","155",rare,null,Owned,Non-foil,false,,,"","",59776,false
"Falkenrath Pit Fighter",1,"Creature - Vampire Warrior",R,"mid","137",rare,null,Owned,Non-foil,false,,,"","",93240,false
"Firedrinker Satyr",1,"Creature - Satyr Shaman",R,"ths","122",rare,null,Owned,Non-foil,false,,,"","",50612,false
"Goblin Guide",1,"Creature - Goblin Scout",R,"2xm","127",rare,null,Owned,Non-foil,false,,,"","",82288,false
"Goblin Welder",1,"Creature - Goblin Artificer",R,"ddu","35",mythic,null,Owned,Non-foil,false,,,"","",-1,false
"Grim Lavamancer",1,"Creature - Human Wizard",R,"pd2","1",rare,null,Owned,Non-foil,false,,,"","",39285,false
"Monastery Swiftspear",1,"Creature - Human Monk",R,"2x2","362",common,null,Owned,Non-foil,false,,,"","",-1,false
"Rabbit Battery",1,"Artifact Creature - Equipment Rabbit",R,"neo","157",uncommon,null,Owned,Non-foil,false,,,"","",97246,false
"Ragavan, Nimble Pilferer",1,"Legendary Creature - Monkey Pirate",R,"mh2","138",mythic,null,Owned,Non-foil,false,,,"","",90653,false
"Zurgo Bellstriker",1,"Legendary Creature - Orc Warrior",R,"dtk","169",rare,null,Owned,Non-foil,false,,,"","",56050,false
"Abbot of Keral Keep",2,"Creature - Human Monk",R,"ori","127",rare,null,Owned,Non-foil,false,,,"","",58042,false
"Bloodthirsty Adversary",2,"Creature - Vampire",R,"dbl","129",mythic,null,Owned,Non-foil,false,,,"","",96506,false
"Dire Fleet Daredevil",2,"Creature - Human Pirate",R,"rix","99",rare,null,Owned,Non-foil,false,,,"","",66651,false
"Dismissive Pyromancer",2,"Creature - Human Wizard",R,"m19","136",rare,null,Owned,Non-foil,false,,,"","",68433,false
"Eidolon of the Great Revel",2,"Enchantment Creature - Spirit",R,"a25","128",rare,null,Owned,Non-foil,false,,,"","",67170,false
"Embereth Shieldbreaker",2,"Creature - Human Knight",R,"eld","122",uncommon,null,Owned,Non-foil,false,,,"","",78368,false
"Goblin Cratermaker",2,"Creature - Goblin Warrior",R,"grn","103",uncommon,null,Owned,Non-foil,false,,,"","",69579,false
"Kari Zev, Skyship Raider",2,"Legendary Creature - Human Pirate",R,"plst","AER-87",rare,null,Owned,Non-foil,false,,,"","",-1,false
"Robber of the Rich",2,"Creature - Human Archer Rogue",R,"eld","138",mythic,null,Owned,Non-foil,false,,,"","",78406,false
"Young Pyromancer",2,"Creature - Human Shaman",R,"jmp","372",uncommon,null,Owned,Non-foil,false,,,"","",-1,false
"Bonecrusher Giant",3,"Creature - Giant",R,"eld","115",rare,null,Owned,Non-foil,false,,,"","",78352,false
"Feldon of the Third Path",3,"Legendary Creature - Human Artificer",R,"cm2","6",mythic,null,Owned,Non-foil,false,,,"","",-1,false
"Hanweir Garrison",3,"Creature - Human Soldier",R,"emn","130",rare,null,Owned,Non-foil,false,,,"","",61220,false
"Imperial Recruiter",3,"Creature - Human Advisor",R,"mh2","281",mythic,null,Owned,Non-foil,false,,,"","",90985,false
"Krenko, Tin Street Kingpin",3,"Legendary Creature - Goblin",R,"dmc","124",rare,null,Owned,Non-foil,false,,,"","",103134,false
"Legion Warboss",3,"Creature - Goblin Soldier",R,"grn","109",rare,null,Owned,Non-foil,false,,,"","",69591,false
"Seasoned Pyromancer",3,"Creature - Human Shaman",R,"2x2","123",mythic,null,Owned,Non-foil,false,,,"","",101730,false
"Squee, Dubious Monarch",3,"Legendary Creature - Goblin Noble",R,"dmu","146",rare,null,Owned,Non-foil,false,,,"","",102768,false
"Flametongue Kavu",4,"Creature - Kavu",R,"jmp","319",uncommon,null,Owned,Non-foil,false,,,"","",-1,false
"Hellrider",4,"Creature - Devil",R,"dka","93",rare,null,Owned,Non-foil,false,,,"","",43185,false
"Pia and Kiran Nalaar",4,"Legendary Creature - Human Artificer",R,"ori","157",rare,null,Owned,Non-foil,false,,,"","",57990,false
"Twinshot Sniper",4,"Artifact Creature - Goblin Archer",R,"neo","168",uncommon,null,Owned,Non-foil,false,,,"","",97270,false
"Siege-Gang Commander",5,"Creature - Goblin",R,"gnt","42",rare,null,Owned,Non-foil,false,,,"","",-1,false
"Thundermaw Hellkite",5,"Creature - Dragon",R,"ima","149",mythic,null,Owned,Non-foil,false,,,"","",66177,false
"Zealous Conscripts",5,"Creature - Human Warrior",R,"tsr","354",special,null,Owned,Non-foil,false,,,"","",87085,false
"Inferno Titan",6,"Creature - Giant",R,"cm2","109",mythic,null,Owned,Non-foil,false,,,"","",-1,false
"Chandra, Torch of Defiance",4,"Legendary Planeswalker - Chandra",R,"kld","110",mythic,null,Owned,Non-foil,false,,,"","",61573,false
"Daretti, Scrap Savant",4,"Legendary Planeswalker - Daretti",R,"c16","123",mythic,null,Owned,Non-foil,false,,,"","",-1,false
"Fireblast",0,"Instant",R,"pd2","26",common,null,Owned,Non-foil,false,,,"","",39224,false
"Burst Lightning",1,"Instant",R,"zen","119",common,null,Owned,Non-foil,false,,,"","",34408,false
"Lightning Bolt",1,"Instant",R,"ced","162",common,null,Owned,Non-foil,false,,,"","",-1,false
"Unholy Heat",1,"Instant",R,"mh2","145",common,null,Owned,Non-foil,false,,,"","",90667,false
"Abrade",2,"Instant",R,"2xm","114",common,null,Owned,Non-foil,false,,,"","",82262,false
"Desperate Ritual",2,"Instant - Arcane",R,"mma","110",uncommon,null,Owned,Non-foil,false,,,"","",48986,false
"Incinerate",2,"Instant",R,"m12","146",common,null,Owned,Non-foil,false,,,"","",41135,false
"Lightning Strike",2,"Instant",R,"m19","152",uncommon,null,Owned,Non-foil,false,,,"","",68465,false
"Searing Spear",2,"Instant",R,"m13","147",common,null,Owned,Non-foil,false,,,"","",45526,false
"Through the Breach",5,"Instant - Arcane",R,"uma","152",rare,null,Owned,Non-foil,false,,,"","",70377,false
"Fury",0,"Sorcery",R,"mh2","313",mythic,null,Owned,Non-foil,false,,,"","",-1,false
"Banefire",1,"Sorcery",R,"m19","130",rare,null,Owned,Non-foil,false,,,"","",68421,false
"Chain Lightning",1,"Sorcery",R,"ema","123",uncommon,null,Owned,Non-foil,false,,,"","",60669,false
"Faithless Looting",1,"Sorcery",R,"c21","168",common,null,Owned,Non-foil,false,,,"","",89437,false
"Firebolt",1,"Sorcery",R,"dd2","49",common,null,Owned,Non-foil,false,,,"","",31590,false
"Arc Trail",2,"Sorcery",R,"ddn","23",uncommon,null,Owned,Non-foil,false,,,"","",-1,false
"Wheel of Fortune",3,"Sorcery",R,"30a","179",rare,null,Owned,Non-foil,false,,,"","",-1,false
"Burning of Xinye",6,"Sorcery",R,"v14","2",mythic,null,Owned,Non-foil,false,,,"","",53919,false
"Wildfire",6,"Sorcery",R,"usg","228",rare,null,Owned,Non-foil,false,,,"","",12115,false
"Mox Ruby",0,"Artifact",R,"30a","261",rare,null,Owned,Non-foil,false,,,"","",-1,false
"Underworld Breach",2,"Enchantment",R,"thb","161",rare,null,Owned,Non-foil,false,,,"","",79446,false
"Fable of the Mirror-Breaker",3,"Enchantment - Saga",R,"neo","141",rare,null,Owned,Non-foil,false,,,"","",97210,false
"Sulfuric Vortex",3,"Enchantment",R,"ema","150",rare,null,Owned,Non-foil,false,,,"","",60823,false
"Sneak Attack",4,"Enchantment",R,"ema","148",mythic,null,Owned,Non-foil,false,,,"","",60769,false
"Splinter Twin",4,"Enchantment - Aura",R,"roe","165",rare,null,Owned,Non-foil,false,,,"","",36426,false
"Den of the Bugbear",0,"Land",R,"afr","254",rare,Red,Owned,Non-foil,false,,,"","",92010,false
"Arbor Elf",1,"Creature - Elf Druid",G,"a25","160",common,null,Owned,Non-foil,false,,,"","",67234,false
"Birds of Paradise",1,"Creature - Bird",G,"sld","176",rare,null,Owned,Non-foil,false,,,"","",-1,false
"Elvish Mystic",1,"Creature - Elf Druid",G,"tsr","360",special,null,Owned,Non-foil,false,,,"","",87097,false
"Experiment One",1,"Creature - Human Ooze",G,"gtc","119",uncommon,null,Owned,Non-foil,false,,,"","",47547,false
"Fyndhorn Elves",1,"Creature - Elf Druid",G,"ice","244",common,null,Owned,Non-foil,false,,,"","",-1,false
"Gilded Goose",1,"Creature - Bird",G,"eld","160",rare,null,Owned,Non-foil,false,,,"","",78458,false
"Hexdrinker",1,"Creature - Snake",G,"mh1","168",mythic,null,Owned,Non-foil,false,,,"","",72708,false
"Joraga Treespeaker",1,"Creature - Elf Druid",G,"roe","190",uncommon,null,Owned,Non-foil,false,,,"","",36408,false
"Kessig Prowler",1,"Creature - Werewolf Horror",G,"emn","163",uncommon,null,Owned,Non-foil,false,,,"","",61446,false
"Llanowar Elves",1,"Creature - Elf Druid",G,"m12","182",common,null,Owned,Non-foil,false,,,"","",41605,false
"Pelt Collector",1,"Creature - Elf Warrior",G,"grn","141",rare,null,Owned,Non-foil,false,,,"","",69655,false
"Fauna Shaman",2,"Creature - Elf Shaman",G,"uma","164",rare,null,Owned,Non-foil,false,,,"","",70401,false
"Lotus Cobra",2,"Creature - Snake",G,"zen","168",mythic,null,Owned,Non-foil,false,,,"","",34546,false
"Outland Liberator",2,"Creature - Human Werewolf",G,"mid","190",uncommon,null,Owned,Non-foil,false,,,"","",93370,false
"Rofellos, Llanowar Emissary",2,"Legendary Creature - Elf Druid",G,"uds","118",rare,null,Owned,Non-foil,false,,,"","",12913,false
"Sakura-Tribe Elder",2,"Creature - Snake Shaman",G,"c15","200",common,null,Owned,Non-foil,false,,,"","",-1,false
"Scavenging Ooze",2,"Creature - Ooze",G,"m21","318",rare,null,Owned,Non-foil,false,,,"","",-1,false
"Tarmogoyf",2,"Creature - Lhurgoyf",G,"mm2","165",mythic,null,Owned,Non-foil,false,,,"","",57346,false
"Wall of Blossoms",2,"Creature - Plant Wall",G,"pca","81",uncommon,null,Owned,Non-foil,false,,,"","",-1,false
"Wall of Roots",2,"Creature - Plant Wall",G,"arc","73",common,null,Owned,Non-foil,false,,,"","",-1,false
"Courser of Kruphix",3,"Enchantment Creature - Centaur",G,"a25","164",rare,null,Owned,Non-foil,false,,,"","",67242,false
"Eternal Witness",3,"Creature - Human Shaman",G,"mma","144",uncommon,null,Owned,Non-foil,false,,,"","",48946,false
"Nissa, Vastwood Seer",3,"Legendary Creature - Elf Scout",G,"v17","15",mythic,null,Owned,Non-foil,false,,,"","",66447,false
"Ramunap Excavator",3,"Creature - Naga Cleric",G,"cmr","433",rare,null,Owned,Non-foil,false,,,"","",85678,false
"Reclamation Sage",3,"Creature - Elf Shaman",G,"c18","159",uncommon,null,Owned,Non-foil,false,,,"","",-1,false
"Tireless Tracker",3,"Creature - Human Scout",G,"soi","233",rare,null,Owned,Non-foil,false,,,"","",60320,false
"Magus of the Order",4,"Creature - Human Wizard",G,"cmr","242",rare,null,Owned,Non-foil,false,,,"","",85266,false
"Polukranos, World Eater",4,"Legendary Creature - Hydra",G,"ths","172",mythic,null,Owned,Non-foil,false,,,"","",50628,false
"Acidic Slime",5,"Creature - Ooze",G,"sld","134",rare,null,Owned,Non-foil,false,,,"","",-1,false
"Deranged Hermit",5,"Creature - Elf",G,"ulg","101",rare,null,Owned,Non-foil,false,,,"","",12473,false
"Thragtusk",5,"Creature - Beast",G,"m13","193",rare,null,Owned,Non-foil,false,,,"","",45582,false
"Verdurous Gearhulk",5,"Artifact Creature - Construct",G,"kld","172",mythic,null,Owned,Non-foil,false,,,"","",62017,false
"Carnage Tyrant",6,"Creature - Dinosaur",G,"xln","179",mythic,null,Owned,Non-foil,false,,,"","",65376,false
"Old One Eye",6,"Legendary Creature - Tyranid",G,"40k","96",rare,null,Owned,Non-foil,false,,,"","",108664,false
"Primeval Titan",6,"Creature - Giant",G,"tsr","365",special,null,Owned,Non-foil,false,,,"","",87107,false
"Hornet Queen",7,"Creature - Insect",G,"m15","178",rare,null,Owned,Non-foil,false,,,"","",53364,false
"Titan of Industry",7,"Creature - Elemental",G,"snc","159",mythic,null,Owned,Non-foil,false,,,"","",98537,false
"Craterhoof Behemoth",8,"Creature - Beast",G,"sld","375",mythic,null,Owned,Non-foil,false,,,"","",-1,false
"Woodfall Primus",8,"Creature - Treefolk Shaman",G,"mma","174",rare,null,Owned,Non-foil,false,,,"","",48762,false
"Nissa, Voice of Zendikar",3,"Legendary Planeswalker - Nissa",G,"ddr","1",mythic,null,Owned,Non-foil,false,,,"","",-1,false
"Garruk Relentless",4,"Legendary Planeswalker - Garruk",G,"isd","181",mythic,null,Owned,Non-foil,false,,,"","",42744,false
"Garruk Wildspeaker",4,"Legendary Planeswalker - Garruk",G,"m11","175",mythic,null,Owned,Non-foil,false,,,"","",37132,false
"Green Sun's Zenith",1,"Sorcery",G,"ema","169",rare,null,Owned,Non-foil,false,,,"","",60681,false
"Pest Infestation",1,"Sorcery",G,"c21","65",rare,null,Owned,Non-foil,false,,,"","",89873,false
"Channel",2,"Sorcery",G,"30a","184",uncommon,null,Owned,Non-foil,false,,,"","",-1,false
"Finale of Devastation",2,"Sorcery",G,"war","160",mythic,null,Owned,Non-foil,false,,,"","",71926,false
"Life from the Loam",2,"Sorcery",G,"rav","172",rare,null,Owned,Non-foil,false,,,"","",23376,false
"Rampant Growth",2,"Sorcery",G,"8ed","274",common,null,Owned,Non-foil,false,,,"","",19001,false
"Regrowth",2,"Sorcery",G,"sum","214",uncommon,null,Owned,Non-foil,false,,,"","",-1,false
"Kodama's Reach",3,"Sorcery - Arcane",G,"uma","171",common,null,Owned,Non-foil,false,,,"","",70415,false
"Eureka",4,"Sorcery",G,"leg","185",rare,null,Owned,Non-foil,false,,,"","",-1,false
"Natural Order",4,"Sorcery",G,"vis","114",rare,null,Owned,Non-foil,false,,,"","",7647,false
"Plow Under",5,"Sorcery",G,"8ed","272",rare,null,Owned,Non-foil,false,,,"","",19599,false
"Mox Emerald",0,"Artifact",G,"ced","262",rare,null,Owned,Non-foil,false,,,"","",-1,false
"Birthing Pod",4,"Artifact",G,"nph","104",rare,null,Owned,Non-foil,false,,,"","",39796,false
"Exploration",1,"Enchantment",G,"cns","164",rare,null,Owned,Non-foil,false,,,"","",-1,false
"Fastbond",1,"Enchantment",G,"30a","188",rare,null,Owned,Non-foil,false,,,"","",-1,false
"Rancor",1,"Enchantment - Aura",G,"afc","167",uncommon,null,Owned,Non-foil,false,,,"","",-1,false
"Oath of Druids",2,"Enchantment",G,"c16","159",rare,null,Owned,Non-foil,false,,,"","",-1,false
"Survival of the Fittest",2,"Enchantment",G,"exo","129",rare,null,Owned,Non-foil,false,,,"","",10709,false
"Sylvan Library",2,"Enchantment",G,"cm1","17",rare,null,Owned,Non-foil,false,,,"","",-1,false
"Heartbeat of Spring",3,"Enchantment",G,"chk","212",rare,null,Premium Owned,Non-foil,false,,,"Signed","",21077,false
"Boseiju, Who Endures",0,"Legendary Land",G,"neo","412",rare,Green,Owned,Non-foil,false,,,"","",-1,false
"Gaea's Cradle",0,"Legendary Land",G,"usg","321",rare,Green,Owned,Non-foil,false,,,"","",11867,false
"Treetop Village",0,"Land",G,"ulg","143",uncommon,Green,Owned,Non-foil,false,,,"","",12501,false
"Hangarback Walker",0,"Artifact Creature - Construct",,"ori","229",rare,null,Owned,Non-foil,false,,,"","",58128,false
"Stonecoil Serpent",0,"Artifact Creature - Snake",,"eld","235",rare,null,Owned,Non-foil,false,,,"","",78616,false
"Walking Ballista",0,"Artifact Creature - Construct",,"aer","181",rare,null,Owned,Non-foil,false,,,"","",62561,false
"Phyrexian Revoker",2,"Artifact Creature - Phyrexian Horror",,"brr","103",rare,null,Owned,Non-foil,false,,,"","",104372,false
"Metalworker",3,"Artifact Creature - Construct",,"uds","135",rare,null,Owned,Non-foil,false,,,"","",12921,false
"Solemn Simulacrum",4,"Artifact Creature - Golem",,"mrd","245",rare,null,Owned,Non-foil,false,,,"","",20209,false
"Wurmcoil Engine",6,"Artifact Creature - Phyrexian Wurm",,"psom","223★",mythic,null,Owned,Non-foil,false,,,"","",-1,false
"Myr Battlesphere",7,"Artifact Creature - Myr Construct",,"c13","247",rare,null,Owned,Non-foil,false,,,"","",51104,false
"Blightsteel Colossus",12,"Artifact Creature - Phyrexian Golem",,"prm","82844",mythic,null,Proxied,Non-foil,false,,,"","",82844,false
"Emrakul, the Aeons Torn",15,"Legendary Creature - Eldrazi",,"proe","4★",mythic,null,Owned,Non-foil,false,,,"","",-1,false
"Emrakul, the Promised End",13,"Legendary Creature - Eldrazi",,"emn","6",mythic,null,Owned,Non-foil,false,,,"","",61068,false
"Sundering Titan",8,"Artifact Creature - Golem",,"v10","13",mythic,null,Owned,Foil,false,,,"","",37653,false
"Ulamog, the Ceaseless Hunger",10,"Legendary Creature - Eldrazi",,"bfz","15",mythic,null,Owned,Non-foil,false,,,"","",58301,false
"Ulamog, the Infinite Gyre",11,"Legendary Creature - Eldrazi",,"2x2","577",mythic,null,Owned,Non-foil,false,,,"","",-1,false
"Karn, Scion of Urza",4,"Legendary Planeswalker - Karn",,"dom","1",mythic,null,Owned,Non-foil,false,,,"","",67467,false
"Karn Liberated",7,"Legendary Planeswalker - Karn",,"2xm","1",mythic,null,Owned,Non-foil,false,,,"","",82036,false
"Ugin, the Spirit Dragon",8,"Legendary Planeswalker - Ugin",,"m21","279",mythic,null,Owned,Non-foil,false,,,"","",-1,false
"Black Lotus",0,"Artifact",,"ced","233",rare,null,Owned,Non-foil,false,,,"","",-1,false
"Chrome Mox",0,"Artifact",,"mrd","152",rare,null,Owned,Non-foil,false,,,"","",19831,false
"Engineered Explosives",0,"Artifact",,"2xm","252",rare,null,Owned,Non-foil,false,,,"","",82538,false
"Everflowing Chalice",0,"Artifact",,"wwk","123",uncommon,null,Owned,Non-foil,false,,,"","",35681,false
"Jeweled Amulet",0,"Artifact",,"ice","326",uncommon,null,Owned,Non-foil,false,,,"","",-1,false
"Lion's Eye Diamond",0,"Artifact",,"mir","307",rare,null,Owned,Non-foil,false,,,"","",7103,false
"Lotus Bloom",0,"Artifact",,"plst","TSP-259",rare,null,Owned,Non-foil,false,,,"","",-1,false
"Mana Crypt",0,"Artifact",,"ema","225",mythic,null,Owned,Non-foil,false,,,"","",60697,false
"Mox Diamond",0,"Artifact",,"sth","138",rare,null,Owned,Non-foil,false,,,"","",10325,false
"Bonesplitter",1,"Artifact - Equipment",,"mrd","146",common,null,Owned,Non-foil,false,,,"","",19829,false
"Mana Vault",1,"Artifact",,"5ed","388",rare,null,Owned,Non-foil,false,,,"","",-1,false
"Pithing Needle",1,"Artifact",,"mid","257",rare,null,Owned,Non-foil,false,,,"","",93524,false
"Relic of Progenitus",1,"Artifact",,"hop","124",common,null,Owned,Non-foil,false,,,"","",44426,false
"Sensei's Divining Top",1,"Artifact",,"chk","268",uncommon,null,Owned,Non-foil,false,,,"","",21045,false
"Skullclamp",1,"Artifact - Equipment",,"c14","268",uncommon,null,Owned,Non-foil,false,,,"","",55225,false
"Sol Ring",1,"Artifact",,"v10","12",mythic,null,Owned,Non-foil,false,,,"","",37643,false
"Battle Bus",2,"Artifact - Vehicle",,"sld","446",rare,null,Owned,Non-foil,false,,,"","",-1,false
"Grim Monolith",2,"Artifact",,"ulg","126",rare,null,Owned,Non-foil,false,,,"","",12551,false
"Lightning Greaves",2,"Artifact - Equipment",,"cma","220",uncommon,null,Owned,Non-foil,false,,,"","",-1,false
"Mind Stone",2,"Artifact",,"afc","211",uncommon,null,Owned,Non-foil,false,,,"","",-1,false
"Umezawa's Jitte",2,"Legendary Artifact - Equipment",,"bok","163",rare,null,Owned,Non-foil,false,,,"","",21603,false
"Winter Orb",2,"Artifact",,"5ed","408",rare,null,Owned,Non-foil,false,,,"","",-1,false
"Basalt Monolith",3,"Artifact",,"sum","235",uncommon,null,Owned,Non-foil,false,,,"","",-1,false
"Chromatic Lantern",3,"Artifact",,"rtr","226",rare,null,Owned,Non-foil,false,,,"","",46783,false
"Coalition Relic",3,"Artifact",,"a25","223",rare,null,Owned,Non-foil,false,,,"","",67360,false
"Crucible of Worlds",3,"Artifact",,"2x2","393",mythic,null,Owned,Non-foil,false,,,"","",-1,false
"Grafted Wargear",3,"Artifact - Equipment",,"cmr","312",uncommon,null,Owned,Non-foil,false,,,"","",85406,false
"Loxodon Warhammer",3,"Artifact - Equipment",,"c17","216",uncommon,null,Owned,Non-foil,false,,,"","",-1,false
"Mimic Vat",3,"Artifact",,"som","175",rare,null,Owned,Non-foil,false,,,"","",38191,false
"Sword of Body and Mind",3,"Artifact - Equipment",,"som","208",mythic,null,Owned,Non-foil,false,,,"","",38279,false
"Sword of Feast and Famine",3,"Artifact - Equipment",,"mbs","138",mythic,null,Owned,Non-foil,false,,,"","",39549,false
"Sword of Fire and Ice",3,"Artifact - Equipment",,"2xm","297",mythic,null,Owned,Non-foil,false,,,"","",82628,false
"Sword of Light and Shadow",3,"Artifact - Equipment",,"dst","149",rare,null,Owned,Non-foil,false,,,"","",20539,false
"Sword of War and Peace",3,"Artifact - Equipment",,"2xm","300",mythic,null,Owned,Non-foil,false,,,"","",82634,false
"Tangle Wire",3,"Artifact",,"sld","694",rare,null,Owned,Non-foil,false,,,"","",-1,false
"Worn Powerstone",3,"Artifact",,"c18","230",uncommon,null,Owned,Non-foil,false,,,"","",-1,false
"Hedron Archive",4,"Artifact",,"bfz","223",uncommon,null,Owned,Non-foil,false,,,"","",58511,false
"Nevinyrral's Disk",4,"Artifact",,"v10","11",mythic,null,Owned,Foil,false,,,"","",37641,false
"Smokestack",4,"Artifact",,"usg","309",rare,null,Owned,Non-foil,false,,,"","",12131,false
"The Hexcore",4,"Artifact",,"sld","483",rare,null,Owned,Non-foil,false,,,"","",-1,false
"Batterskull",5,"Artifact - Equipment",,"2xm","234",mythic,null,Owned,Non-foil,false,,,"","",82502,false
"Gilded Lotus",5,"Artifact",,"m13","206",rare,null,Owned,Non-foil,false,,,"","",45706,false
"Memory Jar",5,"Artifact",,"v10","8",mythic,null,Owned,Non-foil,false,,,"","",37629,false
"Azorius Signet",2,"Artifact",UW,"khc","97",uncommon,null,Owned,Non-foil,false,,,"","",88099,false
"Talisman of Progress",2,"Artifact",UW,"40k","258",uncommon,null,Owned,Non-foil,false,,,"","",108370,false
"Geist of Saint Traft",3,"Legendary Creature - Spirit Cleric",UW,"ddq","1",mythic,null,Owned,Non-foil,false,,,"","",-1,false
"Fractured Identity",5,"Sorcery",UW,"c17","37",rare,null,Owned,Non-foil,false,,,"","",73846,false
"Teferi, Hero of Dominaria",5,"Legendary Planeswalker - Teferi",UW,"dom","207",mythic,null,Owned,Non-foil,false,,,"","",67879,false
"Yorion, Sky Nomad",5,"Legendary Creature - Bird Serpent",UW,"iko","232",rare,null,Owned,Non-foil,false,,,"","",80473,false
"Baleful Strix",2,"Artifact Creature - Bird",BU,"e01","80",uncommon,null,Owned,Non-foil,false,,,"","",-1,false
"Dimir Signet",2,"Artifact",BU,"arc","104",common,null,Owned,Non-foil,false,,,"","",-1,false
"Talisman of Dominance",2,"Artifact",BU,"clb","877",uncommon,null,Owned,Non-foil,false,,,"","",101304,false
"Kaito Shizuki",3,"Legendary Planeswalker - Kaito",BU,"neo","226",mythic,null,Owned,Non-foil,false,,,"","",97400,false
"Shadowmage Infiltrator",3,"Creature - Human Wizard",BU,"tsb","99",special,null,Owned,Non-foil,false,,,"","",26173,false
"Notion Thief",4,"Creature - Human Rogue",BU,"dgm","88",rare,null,Owned,Non-foil,false,,,"","",48332,false
"Dreadbore",2,"Sorcery",BR,"e01","83",rare,null,Owned,Non-foil,false,,,"","",-1,false
"Rakdos Signet",2,"Artifact",BR,"sld","289",rare,null,Owned,Non-foil,false,,,"","",-1,false
"Talisman of Indulgence",2,"Artifact",BR,"e01","91",uncommon,null,Owned,Non-foil,false,,,"","",-1,false
"Daretti, Ingenious Iconoclast",3,"Legendary Planeswalker - Daretti",BR,"med","GR3",mythic,null,Owned,Non-foil,false,,,"","",69969,false
"Kolaghan's Command",3,"Instant",BR,"2x2","381",rare,null,Owned,Non-foil,false,,,"","",-1,false
"Ob Nixilis, the Adversary",3,"Legendary Planeswalker - Nixilis",BR,"snc","284",mythic,null,Owned,Non-foil,false,,,"","",-1,false
"Gruul Signet",2,"Artifact",GR,"sld","288",rare,null,Owned,Non-foil,false,,,"","",-1,false
"Manamorphose",2,"Instant",GR,"shm","211",common,null,Owned,Non-foil,false,,,"","",29653,false
"Mawloc",2,"Creature - Tyranid",GR,"40k","133",rare,null,Owned,Non-foil,false,,,"","",108738,false
"Talisman of Impulse",2,"Artifact",GR,"sld","1055",rare,null,Owned,Non-foil,false,,,"","",-1,false
"Wrenn and Six",2,"Legendary Planeswalker - Wrenn",RG,"mh1","217",mythic,null,Owned,Non-foil,false,,,"","",72806,false
"Huntmaster of the Fells",4,"Creature - Human Werewolf",GR,"v17","11",mythic,null,Owned,Non-foil,false,,,"","",66431,false
"Selesnya Signet",2,"Artifact",GW,"cmd","258",common,null,Owned,Non-foil,false,,,"","",40744,false
"Talisman of Unity",2,"Artifact",GW,"sld","1056",rare,null,Owned,Non-foil,false,,,"","",-1,false
"Kitchen Finks",3,"Creature - Ouphe",GW,"shm","229",uncommon,null,Owned,Non-foil,false,,,"","",29329,false
"Knight of Autumn",3,"Creature - Dryad Knight",GW,"grn","183",rare,null,Owned,Non-foil,false,,,"","",69739,false
"Knight of the Reliquary",3,"Creature - Human Knight",GW,"ima","203",rare,null,Owned,Non-foil,false,,,"","",66285,false
"Mirari's Wake",5,"Enchantment",GW,"c17","181",mythic,null,Owned,Non-foil,false,,,"","",-1,false
"Damn",2,"Sorcery",BW,"mh2","396",rare,null,Owned,Non-foil,false,,,"","",91065,false
"Orzhov Signet",2,"Artifact",BW,"ncc","375",uncommon,null,Owned,Non-foil,false,,,"","",-1,false
"Talisman of Hierarchy",2,"Artifact",BW,"clb","878",uncommon,null,Owned,Non-foil,false,,,"","",-1,false
"Tidehollow Sculler",2,"Artifact Creature - Zombie",BW,"mma","184",uncommon,null,Owned,Non-foil,false,,,"","",48808,false
"Lingering Souls",3,"Sorcery",BW,"tsr","296",special,null,Owned,Non-foil,false,,,"","",86969,false
"Vindicate",3,"Sorcery",BW,"a25","219",rare,null,Owned,Non-foil,false,,,"","",67352,false
"Goblin Electromancer",2,"Creature - Goblin Wizard",RU,"grn","174",common,null,Owned,Non-foil,false,,,"","",69721,false
"Izzet Charm",2,"Instant",RU,"rtr","172",uncommon,null,Owned,Non-foil,false,,,"","",46433,false
"Izzet Signet",2,"Artifact",RU,"c20","243",uncommon,null,Owned,Non-foil,false,,,"","",-1,false
"Talisman of Creativity",2,"Artifact",RU,"c21","269",uncommon,null,Owned,Non-foil,false,,,"","",89643,false
"Dack Fayden",3,"Legendary Planeswalker - Dack",UR,"cns","42",mythic,null,Owned,Non-foil,false,,,"","",-1,false
"Fire // Ice",4,"Instant",RU,"mh2","290",rare,null,Owned,Non-foil,false,,,"","",91007,false
"Deathrite Shaman",1,"Creature - Elf Shaman",BG,"rtr","213",rare,null,Owned,Non-foil,false,,,"","",46777,false
"Abrupt Decay",2,"Instant",BG,"gk1","57",rare,null,Owned,Non-foil,false,,,"","",-1,false
"Golgari Signet",2,"Artifact",BG,"cm2","192",common,null,Owned,Non-foil,false,,,"","",-1,false
"Maelstrom Pulse",3,"Sorcery",BG,"mma","180",rare,null,Owned,Non-foil,false,,,"","",48842,false
"Pernicious Deed",3,"Enchantment",BG,"cns","191",mythic,null,Owned,Non-foil,false,,,"","",-1,false
"Vraska, Golgari Queen",4,"Legendary Planeswalker - Vraska",BG,"med","GR8",mythic,null,Owned,Non-foil,false,,,"","",69977,false
"Figure of Destiny",1,"Creature - Kithkin",RW,"eve","139",rare,null,Owned,Non-foil,false,,,"","",30238,false
"Boros Signet",2,"Artifact",RW,"sld","291",rare,null,Owned,Non-foil,false,,,"","",-1,false
"Lightning Helix",2,"Instant",RW,"rav","213",uncommon,null,Owned,Non-foil,false,,,"","",23154,false
"Talisman of Conviction",2,"Artifact",RW,"mh1","230",uncommon,null,Owned,Non-foil,false,,,"","",72832,false
"Ajani Vengeant",4,"Legendary Planeswalker - Ajani",RW,"ala","154",mythic,null,Owned,Non-foil,false,,,"","",30923,false
"Nahiri, the Harbinger",4,"Legendary Planeswalker - Nahiri",RW,"med","WS7",mythic,null,Owned,Non-foil,false,,,"","",72196,false
"Hydroid Krasis",2,"Creature - Jellyfish Hydra Beast",GU,"2x2","228",rare,null,Owned,Non-foil,false,,,"","",101940,false
"Edric, Spymaster of Trest",3,"Legendary Creature - Elf Rogue",GU,"cns","187",rare,null,Owned,Non-foil,false,,,"","",-1,false
"Oko, Thief of Crowns",3,"Legendary Planeswalker - Oko",GU,"eld","197",mythic,null,Owned,Non-foil,false,,,"","",78538,false
"Uro, Titan of Nature's Wrath",3,"Legendary Creature - Elder Giant",GU,"plst","THB-229",mythic,null,Owned,Non-foil,false,,,"","",-1,false
"Mystic Snake",4,"Creature - Snake",GU,"a25","208",rare,null,Owned,Non-foil,false,,,"","",67330,false
"Tamiyo, Compleated Sage",5,"Legendary Planeswalker - Tamiyo",GU,"neo","238",mythic,null,Owned,Non-foil,false,,,"","",97426,false
"Noble Hierarch",1,"Creature - Human Druid",GUW,"2xm","177",rare,null,Owned,Non-foil,false,,,"","",82388,false
"Sphinx of the Steel Wind",8,"Artifact Creature - Sphinx",BUW,"ema","207",mythic,null,Owned,Non-foil,false,,,"","",60621,false
"Nicol Bolas, the Ravager",4,"Legendary Creature - Elder Dragon",BRU,"m19","218",mythic,null,Owned,Non-foil,false,,,"","",68597,false
"Ignoble Hierarch",1,"Creature - Goblin Shaman",BGR,"mh2","414",rare,null,Owned,Non-foil,false,,,"","",91101,false
"Wild Nacatl",1,"Creature - Cat Warrior",WRG,"ddh","4",common,null,Owned,Non-foil,false,,,"","",42086,false
"Alesha, Who Smiles at Death",3,"Legendary Creature - Human Warrior",BRW,"c20","143",rare,null,Owned,Non-foil,false,,,"","",-1,false
"Yasova Dragonclaw",3,"Legendary Creature - Human Warrior",GRU,"frf","148",rare,null,Owned,Non-foil,false,,,"","",55430,false
"Warden of the First Tree",1,"Creature - Human",BGW,"frf","143",mythic,null,Owned,Non-foil,false,,,"","",55442,false
"Soulfire Grand Master",2,"Creature - Human Monk",RUW,"frf","27",mythic,null,Owned,Non-foil,false,,,"","",55614,false
"Tasigur, the Golden Fang",6,"Legendary Creature - Human Shaman",BGU,"tsr","333",special,null,Owned,Non-foil,false,,,"","",87043,false
"Najeela, the Blade-Blossom",3,"Legendary Creature - Human Warrior",BGRUW,"bbd","62",mythic,null,Owned,Non-foil,false,,,"","",68852,false
"Omnath, Locus of Creation",4,"Legendary Creature - Elemental",WUBRG,"znr","232",mythic,null,Owned,Non-foil,false,,,"","",83459,false
"Golos, Tireless Pilgrim",5,"Legendary Artifact Creature - Scout",BGRUW,"m20","226",rare,null,Owned,Non-foil,false,,,"","",73351,false
"Niv-Mizzet Reborn",5,"Legendary Creature - Dragon Avatar",BGRUW,"war","208",mythic,null,Owned,Non-foil,false,,,"","",72022,false
"Progenitus",10,"Legendary Creature - Hydra Avatar",BGRUW,"v11","9",mythic,null,Owned,Non-foil,false,,,"","",42251,false
"Celestial Colonnade",0,"Land",WU,"pwwk","133",rare,null,Owned,Foil,false,,,"","",-1,false
"Flooded Strand",0,"Land",WU,"ktk","233",rare,null,Owned,Non-foil,false,,,"","",54194,false
"Hallowed Fountain",0,"Land - Plains Island",WU,"rtr","241",rare,null,Owned,Non-foil,false,,,"","",46503,false
"Irrigated Farmland",0,"Land - Plains Island",WU,"akh","245",rare,null,Proxied,Non-foil,false,,,"","",64152,false
"Tundra",0,"Land - Plains Island",WU,"vma","322",rare,null,Proxied,Non-foil,false,,,"","",53095,false
"Creeping Tar Pit",0,"Land",BU,"wwk","134",rare,null,Owned,Non-foil,false,,,"","",35657,false
"Polluted Delta",0,"Land",UB,"ons","321",rare,null,Owned,Non-foil,false,,,"","",18247,false
"Underground River",0,"Land",BU,"6ed","330",rare,null,Owned,Non-foil,false,,,"","",-1,false
"Underground Sea",0,"Land - Island Swamp",BU,"sum","290",rare,null,Owned,Non-foil,false,,,"","",-1,false
"Watery Grave",0,"Land - Island Swamp",BU,"rav","286",rare,null,Owned,Non-foil,false,,,"","",23586,false
"Badlands",0,"Land - Swamp Mountain",BR,"sum","282",rare,null,Owned,Non-foil,false,,,"","",-1,false
"Blackcleave Cliffs",0,"Land",BR,"som","224",rare,null,Owned,Non-foil,false,,,"","",38293,false
"Blood Crypt",0,"Land - Swamp Mountain",BR,"unf","279",rare,null,Owned,Non-foil,false,,,"","",115516,false
"Bloodstained Mire",0,"Land",BR,"ons","313",rare,null,Owned,Non-foil,false,,,"","",18249,false
"Sulfurous Springs",0,"Land",BR,"dmu","381",rare,null,Owned,Non-foil,false,,,"","",-1,false
"Karplusan Forest",0,"Land",GR,"dmu","379",rare,null,Owned,Non-foil,false,,,"","",-1,false
"Raging Ravine",0,"Land",GR,"nec","176",rare,null,Owned,Non-foil,false,,,"","",-1,false
"Stomping Ground",0,"Land - Mountain Forest",GR,"sld","126",rare,null,Owned,Non-foil,false,,,"","",-1,false
"Taiga",0,"Land - Mountain Forest",GR,"2ed","283",rare,null,Owned,Non-foil,false,,,"","",-1,false
"Wooded Foothills",0,"Land",RG,"zne","4",mythic,null,Owned,Non-foil,false,,,"","",83575,false
"Horizon Canopy",0,"Land",GW,"zne","26",mythic,null,Owned,Non-foil,false,,,"","",83619,false
"Razorverge Thicket",0,"Land",GW,"som","228",rare,null,Owned,Non-foil,false,,,"","",38299,false
"Savannah",0,"Land - Forest Plains",GW,"leb","281",rare,null,Owned,Non-foil,false,,,"","",-1,false
"Temple Garden",0,"Land - Forest Plains",GW,"grn","258",rare,null,Owned,Non-foil,false,,,"","",69929,false
"Windswept Heath",0,"Land",WG,"zne","5",mythic,null,Owned,Non-foil,false,,,"","",83577,false
"Caves of Koilos",0,"Land",BW,"apc","140",rare,null,Owned,Non-foil,false,,,"","",16070,false
"Godless Shrine",0,"Land - Plains Swamp",BW,"unf","533",rare,null,Owned,Non-foil,false,,,"","",-1,false
"Marsh Flats",0,"Land",WB,"zen","219",rare,null,Owned,Non-foil,false,,,"","",34646,false
"Scrubland",0,"Land - Plains Swamp",BW,"cei","282",rare,null,Owned,Non-foil,false,,,"","",-1,false
"Shambling Vent",0,"Land",BW,"clb","914",rare,null,Owned,Non-foil,false,,,"","",-1,false
"Fiery Islet",0,"Land",RU,"mh1","238",rare,null,Owned,Non-foil,false,,,"","",72848,false
"Scalding Tarn",0,"Land",UR,"mh2","439",rare,null,Owned,Non-foil,false,,,"","",91151,false
"Shivan Reef",0,"Land",RU,"plst","C21-316",rare,null,Owned,Non-foil,false,,,"","",-1,false
"Steam Vents",0,"Land - Island Mountain",RU,"gpt","164",rare,null,Owned,Non-foil,false,,,"","",23739,false
"Volcanic Island",0,"Land - Island Mountain",RU,"leb","287",rare,null,Owned,Non-foil,false,,,"","",-1,false
"Bayou",0,"Land - Swamp Forest",BG,"leb","279",rare,null,Owned,Non-foil,false,,,"","",-1,false
"Llanowar Wastes",0,"Land",BG,"c21","297",rare,null,Owned,Non-foil,false,,,"","",89699,false
"Nurturing Peatland",0,"Land",BG,"mh1","243",rare,null,Owned,Non-foil,false,,,"","",72858,false
"Overgrown Tomb",0,"Land - Swamp Forest",BG,"rtr","243",rare,null,Owned,Non-foil,false,,,"","",46507,false
"Verdant Catacombs",0,"Land",BG,"mm3","249",rare,null,Owned,Non-foil,false,,,"","",63205,false
"Arid Mesa",0,"Land",WR,"zen","211",rare,null,Owned,Non-foil,false,,,"","",34414,false
"Inspiring Vantage",0,"Land",RW,"kld","246",rare,null,Owned,Non-foil,false,,,"","",61855,false
"Plateau",0,"Land - Mountain Plains",RW,"cei","280",rare,null,Owned,Non-foil,false,,,"","",-1,false
"Sacred Foundry",0,"Land - Mountain Plains",RW,"gtc","245",rare,null,Owned,Non-foil,false,,,"","",47815,false
"Sunbaked Canyon",0,"Land",RW,"mh1","247",rare,null,Owned,Non-foil,false,,,"","",72866,false
"Breeding Pool",0,"Land - Forest Island",GU,"sld","132",rare,null,Owned,Non-foil,false,,,"","",-1,false
"Misty Rainforest",0,"Land",UG,"zen","220",rare,null,Owned,Non-foil,false,,,"","",34622,false
"Tropical Island",0,"Land - Forest Island",GU,"30a","279",rare,null,Owned,Non-foil,false,,,"","",-1,false
"Waterlogged Grove",0,"Land",GU,"mh1","249",rare,null,Owned,Non-foil,false,,,"","",72870,false
"Yavimaya Coast",0,"Land",GU,"dmu","261",rare,null,Owned,Non-foil,false,,,"","",102998,false
"Spara's Headquarters",0,"Land - Forest Plains Island",GUW,"snc","293",rare,null,Owned,Non-foil,false,,,"","",-1,false
"Raffine's Tower",0,"Land - Plains Island Swamp",BUW,"snc","254",rare,null,Owned,Non-foil,false,,,"","",98727,false
"Xander's Lounge",0,"Land - Island Swamp Mountain",BRU,"snc","260",rare,null,Owned,Non-foil,false,,,"","",98739,false
"Ziatora's Proving Ground",0,"Land - Swamp Mountain Forest",BGR,"snc","261",rare,null,Owned,Non-foil,false,,,"","",98741,false
"Jetmir's Garden",0,"Land - Mountain Forest Plains",GRW,"snc","250",rare,null,Owned,Non-foil,false,,,"","",98719,false
"Savai Triome",0,"Land - Mountain Plains Swamp",BRW,"iko","253",rare,null,Owned,Non-foil,false,,,"","",80515,false
"Ketria Triome",0,"Land - Forest Island Mountain",GRU,"iko","250",rare,null,Owned,Non-foil,false,,,"","",80509,false
"Indatha Triome",0,"Land - Plains Swamp Forest",BGW,"iko","248",rare,null,Owned,Non-foil,false,,,"","",80505,false
"Raugrin Triome",0,"Land - Island Mountain Plains",RUW,"iko","251",rare,null,Owned,Non-foil,false,,,"","",80511,false
"Zagoth Triome",0,"Land - Swamp Forest Island",BGU,"iko","259",rare,null,Owned,Non-foil,false,,,"","",80527,false
"Ancient Tomb",0,"Land",,"plst","TMP-315",uncommon,null,Owned,Non-foil,false,,,"","",-1,false
"Ash Barrens",0,"Land",,"40k","265",uncommon,null,Owned,Non-foil,false,,,"","",108384,false
"Bazaar of Baghdad",0,"Land",,"arn","70",uncommon,null,Owned,Non-foil,false,,,"","",-1,false
"City of Brass",0,"Land",,"8ed","322",rare,null,Owned,Non-foil,false,,,"","",19301,false
"Dark Depths",0,"Legendary Snow Land",,"2xm","314",mythic,null,Owned,Non-foil,false,,,"","",82662,false
"Fabled Passage",0,"Land",,"sld","471",rare,null,Owned,Non-foil,false,,,"","",-1,false
"Field of Ruin",0,"Land",,"thb","242",uncommon,null,Owned,Non-foil,false,,,"","",79608,false
"Gemstone Mine",0,"Land",,"wth","164",uncommon,null,Owned,Non-foil,false,,,"","",9411,false
"Library of Alexandria",0,"Land",,"arn","76",uncommon,null,Owned,Non-foil,false,,,"","",-1,false
"Mana Confluence",0,"Land",,"jou","163",rare,null,Owned,Non-foil,false,,,"","",52120,false
"Maze of Ith",0,"Land",,"v12","10",mythic,null,Owned,Non-foil,false,,,"","",46254,false
"Mishra's Factory",0,"Land",,"a25","242",uncommon,null,Owned,Non-foil,false,,,"","",67398,false
"Mishra's Workshop",0,"Land",,"atq","81",rare,null,Owned,Non-foil,false,,,"","",-1,false
"Mutavault",0,"Land",,"clb","903",rare,null,Owned,Non-foil,false,,,"","",101356,false
"Prismatic Vista",0,"Land",,"zne","27",mythic,null,Owned,Non-foil,false,,,"","",83621,false
"Rishadan Port",0,"Land",,"mmq","324",rare,null,Owned,Non-foil,false,,,"","",13359,false
"Strip Mine",0,"Land",,"v09","13",mythic,null,Owned,Non-foil,false,,,"","",33922,false
"Thespian's Stage",0,"Land",,"uma","253",rare,null,Owned,Non-foil,false,,,"","",70583,false
"Urza's Saga",0,"Enchantment Land - Urza's Saga",,"mh2","259",rare,null,Owned,Non-foil,false,,,"","",90899,false
"Wasteland",0,"Land",,"tmp","330",uncommon,null,Owned,Non-foil,false,,,"","",10035,false
